R,G,B,Class
80,84,86,g
81,84,86,g
81,85,87,g
82,85,88,g
83,87,90,g
84,88,91,g
85,89,92,g
86,89,92,g
86,89,93,g
87,89,93,g
87,89,93,g
89,89,94,g
89,89,94,g
89,89,93,g
80,84,86,g
81,84,86,g
81,84,87,g
81,85,88,g
83,87,90,g
84,88,91,g
85,89,92,g
86,89,93,g
86,89,93,g
87,89,93,g
88,89,93,g
89,89,94,g
89,89,94,g
89,89,93,g
80,84,86,g
81,84,87,g
81,84,87,g
82,85,88,g
83,87,90,g
84,88,91,g
85,89,92,g
86,89,93,g
86,89,93,g
87,89,93,g
88,89,93,g
88,89,94,g
89,89,94,g
89,89,93,g
80,84,86,g
81,84,87,g
81,85,87,g
82,85,88,g
83,87,90,g
84,88,91,g
85,89,92,g
86,89,93,g
86,89,93,g
87,89,93,g
88,89,94,g
88,89,94,g
89,89,94,g
89,89,93,g
81,84,86,g
81,85,87,g
81,85,87,g
82,86,88,g
83,87,90,g
84,88,91,g
85,89,92,g
86,89,93,g
87,90,93,g
87,89,93,g
88,89,94,g
88,89,94,g
89,89,93,g
89,89,93,g
70,49,49,r
69,49,48,r
69,48,48,r
69,48,48,r
69,48,47,r
70,48,47,r
70,49,48,r
70,49,48,r
71,49,48,r
71,49,49,r
72,49,49,r
72,49,49,r
72,49,49,r
72,49,49,r
72,48,48,r
73,48,47,r
73,48,46,r
74,48,46,r
74,48,45,r
75,49,45,r
76,49,45,r
69,49,49,r
69,49,48,r
69,48,48,r
69,48,48,r
69,48,47,r
70,48,47,r
70,49,48,r
71,49,48,r
71,49,48,r
71,49,49,r
72,49,49,r
72,49,49,r
72,49,49,r
72,49,48,r
72,48,48,r
73,48,47,r
73,48,46,r
74,48,46,r
74,48,45,r
75,48,45,r
75,49,44,r
69,49,48,r
69,49,48,r
69,49,48,r
69,48,48,r
69,48,47,r
70,49,47,r
70,49,48,r
71,49,48,r
71,49,48,r
72,49,49,r
72,49,49,r
72,49,49,r
72,49,49,r
72,49,48,r
72,49,48,r
73,48,47,r
73,48,46,r
74,48,46,r
74,48,45,r
75,48,45,r
75,49,45,r
69,49,48,r
69,49,48,r
69,49,48,r
70,49,48,r
70,49,48,r
70,49,48,r
70,49,48,r
71,49,48,r
71,49,49,r
72,50,49,r
72,50,49,r
72,50,49,r
72,49,49,r
72,49,48,r
72,49,48,r
73,49,47,r
73,49,47,r
74,49,46,r
74,48,45,r
75,49,45,r
75,49,45,r
69,49,48,r
69,49,48,r
69,49,48,r
70,49,48,r
70,49,48,r
70,49,48,r
70,49,48,r
71,49,48,r
71,49,49,r
72,50,49,r
72,50,49,r
72,50,49,r
72,49,49,r
72,49,48,r
72,49,48,r
73,49,47,r
73,49,47,r
74,49,46,r
74,48,45,r
75,49,45,r
75,49,45,r
102,50,57,z
102,49,56,z
103,49,55,z
103,49,54,z
103,49,53,z
103,49,53,z
103,49,52,z
103,49,52,z
103,49,52,z
102,49,52,z
102,49,52,z
102,49,52,z
102,49,53,z
102,49,53,z
102,49,53,z
102,50,54,z
102,50,54,z
102,50,54,z
102,50,54,z
102,51,54,z
102,51,54,z
103,52,55,z
103,52,55,z
103,53,55,z
103,53,55,z
103,50,58,z
103,49,56,z
103,49,55,z
103,49,54,z
103,49,53,z
103,49,53,z
103,49,52,z
103,49,52,z
103,49,52,z
102,49,52,z
102,49,52,z
102,49,52,z
102,49,53,z
102,49,53,z
102,49,53,z
102,50,54,z
102,50,54,z
102,50,54,z
102,50,54,z
102,51,54,z
102,51,55,z
102,52,55,z
103,52,55,z
103,52,55,z
103,53,55,z
103,50,57,z
103,49,56,z
103,49,55,z
103,49,54,z
103,49,54,z
104,49,53,z
103,49,52,z
103,49,52,z
103,49,52,z
102,49,52,z
102,50,53,z
102,50,53,z
102,50,53,z
102,50,53,z
102,50,54,z
102,50,54,z
102,50,54,z
102,50,54,z
102,51,54,z
102,51,55,z
102,51,55,z
102,52,55,z
102,52,55,z
103,52,55,z
103,53,55,z
103,49,57,z
103,49,56,z
104,49,55,z
103,49,55,z
104,49,54,z
104,49,53,z
104,49,53,z
103,49,52,z
103,50,52,z
103,50,53,z
102,50,53,z
102,50,53,z
102,50,53,z
102,50,54,z
102,50,54,z
102,50,54,z
102,50,55,z
102,50,55,z
102,51,55,z
102,51,55,z
102,52,55,z
102,52,55,z
102,52,55,z
102,53,55,z
102,53,56,z
103,49,57,z
103,49,56,z
104,50,55,z
104,50,55,z
104,49,54,z
104,49,53,z
104,49,53,z
103,49,52,z
103,50,52,z
103,50,53,z
102,50,53,z
102,50,53,z
102,50,53,z
102,50,54,z
102,50,54,z
102,50,54,z
102,50,55,z
102,51,55,z
102,51,55,z
102,51,55,z
102,52,55,z
102,52,55,z
102,53,55,z
102,53,56,z
102,53,56,z
206,191,169,o
206,191,170,o
206,191,170,o
206,191,170,o
206,191,171,o
206,191,171,o
206,191,172,o
206,191,172,o
205,190,169,o
205,190,169,o
206,191,170,o
206,191,170,o
206,191,171,o
206,191,171,o
206,191,171,o
206,191,172,o
205,190,169,o
205,190,169,o
205,190,169,o
206,191,170,o
206,191,171,o
206,191,171,o
205,191,171,o
206,191,171,o
205,189,168,o
205,190,169,o
205,190,169,o
205,190,170,o
205,191,170,o
205,191,171,o
205,190,171,o
205,190,171,o
204,189,168,o
204,189,168,o
205,190,169,o
205,190,169,o
205,190,170,o
205,190,171,o
205,190,171,o
205,190,171,o
203,188,167,o
204,189,168,o
204,189,168,o
204,190,169,o
205,190,170,o
205,190,170,o
205,190,171,o
205,190,171,o
203,187,167,o
203,188,167,o
204,189,168,o
204,189,169,o
204,189,169,o
204,189,170,o
205,190,170,o
205,189,171,o
203,187,166,o
203,188,167,o
203,188,167,o
204,189,168,o
204,189,169,o
204,189,169,o
204,189,170,o
204,189,170,o
203,187,166,o
203,188,166,o
203,188,167,o
203,189,168,o
204,189,168,o
204,189,169,o
204,189,169,o
204,189,170,o
203,187,166,o
203,188,166,o
203,188,167,o
203,188,168,o
203,189,168,o
203,189,169,o
204,189,169,o
204,189,170,o
208,196,176,o
208,195,175,o
208,194,173,o
208,193,171,o
209,192,170,o
209,191,168,o
210,190,166,o
211,189,164,o
211,188,162,o
212,185,159,o
212,178,150,o
206,152,124,o
200,123,96,o
200,118,92,o
200,117,91,o
200,117,92,o
201,119,93,o
202,120,95,o
203,121,96,o
204,122,97,o
205,123,98,o
206,124,99,o
206,125,99,o
206,125,99,o
206,126,100,o
207,126,100,o
207,126,100,o
207,126,100,o
206,126,99,o
206,126,99,o
205,125,98,o
204,125,97,o
204,124,97,o
203,123,96,o
202,122,95,o
201,121,95,o
200,120,95,o
200,120,95,o
200,119,95,o
199,119,96,o
198,119,97,o
197,122,101,o
197,134,116,o
204,164,145,o
209,183,163,o
209,188,167,o
208,189,168,o
207,190,169,o
207,191,171,o
206,192,172,o
206,192,173,o
205,193,174,o
205,193,174,o
204,192,174,o
204,192,174,o
204,191,174,o
205,192,175,o
205,191,174,o
204,189,172,o
203,187,170,o
202,187,168,o
202,187,168,o
203,187,168,o
203,187,168,o
203,187,167,o
203,186,167,o
203,186,167,o
203,186,167,o
204,187,168,o
204,187,168,o
205,188,168,o
205,188,169,o
206,188,169,o
207,188,168,o
207,187,167,o
207,187,167,o
208,187,167,o
209,187,167,o
210,187,166,o
209,182,160,o
208,171,146,o
202,143,116,o
200,124,98,o
201,120,94,o
202,119,94,o
203,118,93,o
203,118,93,o
203,117,92,o
204,116,91,o
204,116,91,o
205,116,91,o
205,115,91,o
206,115,91,o
206,115,90,o
205,114,90,o
205,114,91,o
204,114,91,o
204,114,91,o
203,114,92,o
202,115,93,o
201,115,94,o
200,116,95,o
199,117,96,o
196,120,100,o
194,127,106,o
195,148,125,o
201,174,152,o
204,181,161,o
205,183,163,o
205,184,164,o
205,184,164,o
205,185,165,o
205,186,166,o
205,186,166,o
205,186,167,o
205,187,167,o
205,187,168,o
205,188,168,o
205,188,168,o
204,187,167,o
205,188,167,o
205,188,168,o
205,188,168,o
205,188,168,o
204,188,168,o
204,188,167,o
204,188,168,o
204,188,168,o
204,188,168,o
203,188,167,o
203,188,168,o
203,188,168,o
202,188,168,o
202,188,169,o
202,188,169,o
202,188,169,o
202,188,170,o
203,188,169,o
203,188,169,o
204,188,169,o
204,188,169,o
204,188,168,o
204,188,167,o
205,188,167,o
205,184,162,o
199,164,143,o
176,124,107,o
142,78,70,o
134,67,62,o
133,64,60,o
131,61,59,o
130,60,59,o
130,60,59,o
129,60,59,o
129,59,59,o
129,59,59,o
128,58,59,o
128,58,59,o
128,58,59,o
128,58,60,o
128,58,60,o
128,58,60,o
128,57,60,o
128,57,60,o
128,57,60,o
128,57,59,o
129,57,59,o
129,56,59,o
129,56,59,o
129,56,60,o
129,57,61,o
129,57,61,o
129,57,62,o
129,58,63,o
207,196,176,o
208,195,174,o
208,194,172,o
208,193,171,o
209,192,170,o
209,191,168,o
210,190,165,o
211,189,164,o
211,187,162,o
212,184,158,o
211,175,146,o
206,149,121,o
200,123,97,o
200,117,92,o
200,117,91,o
200,118,92,o
201,119,93,o
202,121,95,o
203,122,96,o
204,123,97,o
205,123,98,o
206,124,99,o
206,125,99,o
206,126,99,o
206,126,100,o
207,126,100,o
207,126,100,o
207,126,100,o
206,126,99,o
206,126,99,o
205,125,98,o
204,125,97,o
204,124,97,o
203,123,96,o
202,122,95,o
201,121,95,o
201,120,95,o
200,120,95,o
200,120,95,o
199,120,96,o
199,120,97,o
197,122,101,o
197,134,115,o
205,165,146,o
210,185,164,o
210,190,169,o
209,190,170,o
207,191,170,o
207,192,172,o
207,193,173,o
206,193,174,o
206,193,174,o
205,193,175,o
205,193,175,o
204,192,174,o
205,193,175,o
206,193,176,o
206,192,175,o
205,190,173,o
204,188,171,o
202,187,169,o
202,186,167,o
203,187,168,o
203,187,168,o
203,186,167,o
202,186,166,o
202,186,166,o
203,186,167,o
204,187,168,o
204,187,168,o
204,187,168,o
205,187,168,o
206,187,168,o
206,187,167,o
207,187,167,o
207,186,166,o
207,186,165,o
208,186,165,o
209,184,163,o
208,179,156,o
206,163,137,o
201,135,107,o
201,122,97,o
202,119,94,o
202,118,94,o
203,118,93,o
203,118,93,o
204,117,92,o
204,116,91,o
204,116,91,o
205,116,91,o
205,115,91,o
206,115,91,o
206,115,90,o
205,115,90,o
205,114,91,o
204,114,91,o
204,114,91,o
203,114,92,o
202,115,93,o
201,115,94,o
200,116,95,o
198,117,96,o
196,120,99,o
193,126,105,o
193,142,120,o
199,169,146,o
203,180,159,o
204,183,163,o
204,184,164,o
204,184,164,o
205,185,165,o
205,185,166,o
205,186,166,o
205,186,167,o
205,187,167,o
205,187,167,o
205,187,168,o
205,188,168,o
205,187,167,o
205,188,167,o
205,188,168,o
205,188,168,o
205,188,168,o
204,188,167,o
204,188,167,o
204,188,168,o
204,188,168,o
203,188,167,o
203,188,167,o
203,188,167,o
203,188,168,o
202,188,168,o
202,188,169,o
202,188,169,o
202,188,169,o
202,188,169,o
203,188,170,o
203,188,169,o
203,188,169,o
204,188,169,o
204,187,168,o
204,188,167,o
205,187,166,o
205,184,162,o
201,167,145,o
170,116,100,o
141,78,69,o
134,66,61,o
132,63,60,o
131,61,59,o
130,60,58,o
130,60,59,o
129,59,59,o
129,59,59,o
128,58,59,o
128,58,59,o
128,58,59,o
128,58,59,o
128,58,59,o
128,57,59,o
128,57,59,o
128,57,59,o
128,57,59,o
128,57,59,o
128,57,59,o
128,56,59,o
129,56,59,o
129,56,59,o
129,56,59,o
129,56,60,o
129,57,61,o
129,57,61,o
129,58,63,o
207,196,176,o
208,195,174,o
208,194,172,o
208,193,171,o
209,192,169,o
209,191,167,o
210,189,165,o
211,188,163,o
211,187,161,o
212,183,156,o
211,172,144,o
202,138,110,o
199,121,95,o
199,118,92,o
200,118,92,o
200,118,93,o
201,120,94,o
202,120,95,o
203,122,96,o
204,123,97,o
205,124,98,o
206,124,99,o
206,125,99,o
206,126,100,o
206,126,100,o
207,127,100,o
207,127,100,o
207,127,100,o
206,126,99,o
206,126,99,o
205,126,98,o
204,125,97,o
204,124,96,o
203,123,96,o
202,122,95,o
201,121,95,o
201,120,95,o
200,120,95,o
200,120,95,o
200,120,96,o
199,120,97,o
198,121,100,o
198,133,114,o
207,170,151,o
210,184,163,o
210,190,169,o
210,192,171,o
209,193,172,o
208,193,173,o
207,193,174,o
207,194,175,o
206,194,175,o
206,194,175,o
205,193,175,o
206,193,176,o
206,194,177,o
206,193,176,o
207,193,176,o
206,192,175,o
205,190,173,o
204,188,171,o
203,187,169,o
203,187,168,o
203,187,168,o
203,187,167,o
203,187,168,o
203,187,167,o
204,187,168,o
204,187,168,o
204,187,168,o
204,187,168,o
205,187,168,o
206,188,168,o
206,187,167,o
207,187,166,o
207,186,165,o
207,185,164,o
207,182,160,o
208,182,160,o
208,178,155,o
204,151,124,o
201,129,102,o
201,121,96,o
202,119,94,o
203,118,94,o
203,118,94,o
204,118,93,o
204,118,93,o
204,116,92,o
205,116,91,o
205,116,91,o
206,115,91,o
206,115,91,o
206,115,91,o
206,115,91,o
205,114,91,o
205,114,91,o
204,114,92,o
203,114,92,o
202,115,93,o
201,115,94,o
200,116,95,o
199,117,96,o
196,118,97,o
194,123,102,o
192,137,115,o
197,161,138,o
203,178,157,o
204,182,162,o
205,183,163,o
205,184,164,o
205,185,165,o
205,185,166,o
205,186,166,o
205,186,166,o
204,186,167,o
204,187,167,o
205,187,167,o
205,187,167,o
204,187,167,o
204,187,167,o
205,188,167,o
205,188,168,o
205,188,167,o
204,188,167,o
204,188,167,o
204,188,167,o
204,188,167,o
203,188,167,o
203,188,167,o
203,187,167,o
203,188,168,o
202,188,168,o
202,188,168,o
202,188,169,o
202,188,169,o
202,188,169,o
202,188,169,o
203,188,168,o
203,188,168,o
203,187,168,o
204,188,168,o
204,187,167,o
205,186,165,o
205,183,161,o
199,161,139,o
170,116,100,o
146,84,73,o
133,65,60,o
131,62,59,o
130,61,59,o
130,60,58,o
129,59,58,o
129,59,59,o
128,58,58,o
128,58,58,o
128,57,58,o
128,57,59,o
128,57,59,o
128,57,59,o
128,57,59,o
128,57,59,o
128,57,59,o
128,57,59,o
128,56,59,o
128,56,59,o
128,56,59,o
128,56,59,o
128,55,58,o
128,55,59,o
128,56,60,o
128,57,61,o
129,57,61,o
129,58,62,o
207,195,175,o
208,195,174,o
208,194,173,o
208,193,171,o
209,192,169,o
209,191,168,o
210,189,165,o
211,188,163,o
211,187,161,o
212,183,155,o
210,169,141,o
200,131,104,o
198,119,93,o
199,118,92,o
200,118,93,o
201,120,94,o
201,120,95,o
202,120,95,o
203,121,96,o
204,123,98,o
205,124,98,o
206,125,99,o
206,126,100,o
206,126,100,o
207,127,100,o
207,127,100,o
207,127,100,o
206,127,100,o
206,127,99,o
206,126,99,o
205,126,98,o
204,125,97,o
203,124,97,o
203,123,96,o
202,122,95,o
201,121,96,o
201,121,95,o
200,120,95,o
200,120,95,o
200,119,95,o
199,119,96,o
198,122,100,o
201,141,122,o
210,175,155,o
212,187,166,o
212,192,170,o
211,194,172,o
210,195,174,o
209,195,174,o
208,195,175,o
208,195,176,o
207,195,176,o
206,194,176,o
206,194,177,o
207,195,178,o
207,195,178,o
208,195,179,o
208,195,179,o
208,194,178,o
207,192,176,o
206,191,174,o
205,189,171,o
204,188,170,o
203,188,169,o
204,188,170,o
205,190,172,o
205,189,171,o
205,189,171,o
205,189,170,o
205,188,170,o
205,188,169,o
205,188,169,o
207,189,170,o
207,189,169,o
207,188,168,o
207,186,166,o
207,184,163,o
207,182,161,o
209,183,161,o
209,179,156,o
206,156,129,o
201,128,101,o
202,121,96,o
203,119,95,o
204,119,94,o
204,118,94,o
205,118,94,o
205,118,93,o
205,117,92,o
205,116,92,o
206,116,91,o
206,116,91,o
206,115,91,o
206,115,91,o
206,115,91,o
206,115,91,o
205,114,91,o
204,114,92,o
203,115,92,o
203,115,93,o
202,115,94,o
201,116,95,o
199,116,96,o
198,117,96,o
195,120,100,o
193,135,114,o
196,157,134,o
202,175,153,o
204,181,160,o
205,183,163,o
204,183,163,o
205,184,164,o
205,185,165,o
205,186,166,o
205,186,166,o
204,186,167,o
204,187,167,o
204,187,167,o
204,187,167,o
204,187,167,o
204,187,167,o
204,187,167,o
205,187,167,o
204,187,167,o
204,187,167,o
204,187,167,o
204,187,167,o
204,188,167,o
203,187,167,o
203,187,167,o
203,187,167,o
203,187,168,o
202,187,168,o
202,187,168,o
202,187,168,o
202,188,168,o
202,188,168,o
202,188,168,o
203,187,168,o
203,187,167,o
203,187,167,o
204,187,167,o
204,187,166,o
204,185,163,o
205,180,157,o
197,156,135,o
171,116,100,o
140,76,68,o
132,63,59,o
130,60,58,o
130,60,58,o
129,59,58,o
129,59,58,o
128,58,58,o
128,58,58,o
127,57,58,o
127,57,58,o
127,57,58,o
127,57,58,o
127,57,59,o
127,56,59,o
127,56,59,o
127,56,59,o
127,56,58,o
127,56,58,o
127,55,58,o
128,55,58,o
128,55,58,o
128,55,58,o
128,55,58,o
128,55,59,o
128,56,60,o
128,57,61,o
128,58,62,o
207,195,175,o
208,195,174,o
208,194,173,o
209,193,171,o
209,192,170,o
209,191,168,o
210,190,165,o
211,189,164,o
212,187,161,o
212,182,155,o
209,167,138,o
199,129,102,o
198,119,93,o
198,118,92,o
199,118,93,o
200,120,94,o
201,121,95,o
201,120,95,o
203,122,97,o
204,124,98,o
205,124,99,o
206,125,99,o
206,126,100,o
206,127,100,o
207,127,100,o
207,127,100,o
207,127,100,o
206,127,100,o
206,127,99,o
205,127,99,o
205,126,98,o
204,125,98,o
203,124,97,o
203,123,96,o
202,122,96,o
201,121,96,o
201,121,96,o
201,120,95,o
200,120,95,o
200,120,96,o
199,120,97,o
198,123,102,o
201,143,124,o
210,176,156,o
213,190,168,o
213,193,171,o
212,195,173,o
211,195,175,o
210,196,175,o
209,196,176,o
209,196,177,o
208,196,177,o
208,196,178,o
208,196,178,o
208,196,179,o
210,198,182,o
211,199,184,o
211,198,183,o
209,195,180,o
207,193,177,o
207,192,175,o
207,193,176,o
206,191,173,o
205,190,172,o
206,191,174,o
207,191,174,o
207,192,175,o
207,192,175,o
207,192,175,o
206,191,173,o
206,190,172,o
207,190,171,o
208,191,173,o
208,191,172,o
208,190,171,o
209,190,170,o
208,188,168,o
209,187,166,o
211,187,166,o
211,182,159,o
208,162,136,o
203,132,105,o
204,123,98,o
204,120,95,o
205,119,95,o
205,118,94,o
206,118,94,o
206,118,93,o
206,117,92,o
206,116,92,o
207,116,92,o
207,116,91,o
207,116,91,o
207,115,91,o
206,115,91,o
206,115,91,o
205,115,91,o
205,115,92,o
204,115,93,o
203,115,93,o
202,116,94,o
201,116,95,o
200,117,96,o
198,117,97,o
196,120,100,o
193,129,108,o
196,155,132,o
200,171,148,o
204,180,159,o
204,182,161,o
204,183,162,o
204,184,164,o
205,185,165,o
204,185,165,o
204,186,166,o
204,186,166,o
204,186,167,o
204,186,167,o
204,187,167,o
204,187,167,o
204,186,166,o
204,187,167,o
204,187,167,o
204,187,167,o
204,187,167,o
204,187,167,o
204,187,167,o
204,187,167,o
203,187,167,o
203,187,167,o
203,187,167,o
203,187,167,o
202,187,167,o
202,187,167,o
202,187,168,o
202,187,168,o
202,188,168,o
202,187,167,o
202,187,167,o
203,187,167,o
203,187,166,o
203,187,166,o
204,186,165,o
204,185,162,o
204,180,157,o
196,155,134,o
167,111,95,o
136,70,64,o
131,62,59,o
129,60,58,o
129,59,58,o
128,59,58,o
128,58,58,o
127,58,58,o
127,57,58,o
127,57,58,o
126,56,58,o
126,56,58,o
126,56,58,o
126,56,58,o
126,56,58,o
126,56,58,o
127,55,58,o
127,55,58,o
127,55,58,o
127,55,57,o
127,54,57,o
127,54,57,o
127,54,57,o
127,54,58,o
127,55,59,o
127,55,59,o
128,56,60,o
128,57,61,o
207,195,175,o
208,194,174,o
208,194,172,o
208,193,171,o
209,192,170,o
209,192,168,o
210,190,166,o
211,189,164,o
212,187,161,o
212,182,154,o
210,166,138,o
200,128,101,o
198,119,93,o
199,118,92,o
200,119,93,o
200,119,94,o
201,120,95,o
202,122,97,o
203,123,97,o
204,124,99,o
205,125,99,o
206,126,100,o
206,126,100,o
206,127,101,o
207,128,101,o
207,128,101,o
206,128,100,o
206,127,100,o
206,127,99,o
205,127,99,o
205,126,99,o
204,125,98,o
203,124,97,o
203,123,96,o
202,122,95,o
201,121,96,o
201,121,95,o
200,120,95,o
200,120,95,o
200,120,96,o
199,120,97,o
198,125,104,o
200,140,122,o
210,174,154,o
214,188,167,o
214,194,172,o
213,195,174,o
212,196,175,o
211,196,176,o
210,197,177,o
210,197,178,o
210,198,180,o
209,198,180,o
208,197,179,o
209,197,180,o
211,200,184,o
213,201,187,o
211,200,185,o
209,196,181,o
207,194,178,o
207,193,177,o
208,194,178,o
209,195,180,o
208,194,179,o
207,193,176,o
207,192,175,o
207,193,176,o
208,193,177,o
208,194,177,o
208,194,177,o
208,193,176,o
208,192,175,o
209,193,175,o
210,193,176,o
210,193,175,o
210,192,173,o
210,190,171,o
211,191,170,o
212,190,170,o
213,186,163,o
210,165,139,o
205,134,107,o
205,123,98,o
205,120,96,o
206,119,95,o
207,119,95,o
207,119,94,o
207,118,94,o
207,117,93,o
207,117,92,o
208,116,92,o
208,116,92,o
208,116,92,o
207,115,91,o
207,115,91,o
207,115,91,o
206,115,92,o
205,115,92,o
204,115,93,o
203,115,94,o
202,116,95,o
201,116,96,o
200,117,97,o
198,118,98,o
196,122,101,o
194,131,110,o
195,148,126,o
200,169,147,o
204,181,160,o
204,182,161,o
204,183,162,o
204,184,163,o
204,185,164,o
204,185,165,o
204,186,166,o
204,186,166,o
204,186,166,o
204,186,166,o
203,186,166,o
203,186,166,o
203,186,166,o
203,186,166,o
204,186,166,o
204,186,166,o
204,186,166,o
204,186,166,o
204,186,166,o
203,187,166,o
203,187,166,o
203,187,166,o
203,187,166,o
203,187,167,o
202,187,167,o
202,187,167,o
201,187,167,o
201,187,167,o
201,187,167,o
202,187,167,o
202,187,166,o
202,187,166,o
202,187,166,o
202,186,165,o
203,185,163,o
203,184,161,o
203,180,156,o
197,157,135,o
166,110,94,o
135,69,63,o
130,60,58,o
129,60,58,o
128,59,58,o
128,58,58,o
127,58,57,o
127,57,57,o
127,57,57,o
126,56,57,o
126,56,57,o
126,55,57,o
126,55,57,o
125,55,57,o
126,55,57,o
126,55,57,o
126,55,57,o
126,54,57,o
126,54,57,o
126,54,57,o
126,54,57,o
127,54,57,o
127,54,57,o
127,54,57,o
127,54,58,o
127,55,59,o
127,55,59,o
127,56,60,o
207,195,175,o
207,194,174,o
208,194,172,o
208,193,171,o
209,192,170,o
210,192,169,o
210,191,166,o
211,189,163,o
212,187,161,o
213,182,154,o
209,164,135,o
200,128,101,o
198,119,93,o
199,118,92,o
200,119,93,o
200,120,94,o
201,122,96,o
202,123,97,o
203,124,98,o
204,125,99,o
205,126,100,o
206,126,100,o
206,127,101,o
206,128,101,o
207,128,101,o
207,128,101,o
206,128,100,o
206,127,100,o
205,127,99,o
205,127,99,o
204,126,99,o
204,125,98,o
203,124,97,o
202,123,96,o
202,122,96,o
201,121,95,o
201,121,95,o
200,120,95,o
200,120,95,o
200,119,96,o
199,120,98,o
198,125,105,o
200,137,119,o
207,162,143,o
213,186,165,o
214,193,171,o
213,196,174,o
212,196,175,o
212,197,177,o
211,198,178,o
211,199,180,o
211,199,181,o
210,199,181,o
209,198,181,o
210,199,182,o
211,200,185,o
212,201,186,o
212,201,187,o
211,199,184,o
210,197,182,o
209,196,180,o
210,196,181,o
210,197,182,o
210,196,182,o
208,194,179,o
207,193,177,o
207,193,177,o
208,194,178,o
208,194,178,o
208,194,178,o
208,194,177,o
209,194,177,o
210,195,178,o
211,195,178,o
211,194,177,o
211,193,175,o
211,191,172,o
212,191,171,o
214,192,172,o
214,189,166,o
212,171,145,o
206,136,109,o
206,124,99,o
206,121,96,o
207,120,96,o
208,119,95,o
208,119,95,o
208,118,94,o
208,117,93,o
208,117,93,o
209,116,92,o
209,116,92,o
208,116,92,o
208,116,92,o
208,115,91,o
207,115,92,o
206,115,92,o
205,115,92,o
204,115,93,o
204,115,94,o
202,116,95,o
201,117,96,o
200,118,97,o
198,119,99,o
196,124,103,o
194,134,112,o
196,151,128,o
202,177,155,o
204,183,162,o
204,183,163,o
204,183,163,o
204,184,163,o
204,184,164,o
204,185,165,o
204,185,165,o
203,185,165,o
203,186,166,o
203,186,166,o
203,186,166,o
203,185,165,o
203,185,165,o
203,185,165,o
203,185,165,o
203,185,166,o
203,186,166,o
204,186,166,o
203,186,166,o
203,186,166,o
203,186,166,o
203,186,166,o
203,186,166,o
202,186,166,o
202,186,166,o
202,186,166,o
201,187,166,o
201,187,166,o
201,187,166,o
201,187,166,o
201,187,166,o
201,186,165,o
202,186,165,o
202,186,164,o
202,185,163,o
202,183,160,o
202,177,154,o
195,153,132,o
167,112,95,o
136,69,63,o
130,61,58,o
129,59,58,o
128,59,57,o
128,58,57,o
127,57,57,o
127,57,57,o
126,56,57,o
126,55,57,o
125,55,57,o
125,55,57,o
125,54,57,o
125,54,56,o
125,54,56,o
125,54,56,o
125,54,56,o
125,54,56,o
125,53,56,o
126,53,56,o
126,53,56,o
126,53,56,o
126,53,56,o
126,53,57,o
126,53,57,o
126,54,58,o
126,54,58,o
126,55,59,o
207,195,175,o
207,194,173,o
208,194,172,o
208,193,170,o
209,192,169,o
209,192,168,o
210,191,167,o
211,189,164,o
212,187,160,o
213,183,155,o
210,165,136,o
199,127,101,o
198,119,93,o
198,118,92,o
199,119,94,o
201,122,96,o
201,123,97,o
202,123,97,o
203,124,98,o
205,126,100,o
205,126,101,o
206,127,101,o
206,127,101,o
206,128,101,o
207,128,101,o
207,128,101,o
206,128,101,o
206,128,100,o
205,127,100,o
205,127,99,o
204,126,98,o
204,125,98,o
203,124,97,o
202,123,96,o
202,122,96,o
201,121,95,o
201,121,95,o
200,120,95,o
200,119,95,o
200,119,96,o
199,121,98,o
199,124,104,o
200,136,118,o
208,163,144,o
215,187,166,o
215,194,172,o
214,196,175,o
213,197,176,o
212,197,177,o
212,199,179,o
211,200,181,o
212,201,183,o
211,201,183,o
211,201,184,o
212,202,186,o
213,202,187,o
214,203,189,o
216,205,193,o
216,205,193,o
215,204,191,o
213,201,187,o
212,199,185,o
211,198,184,o
210,197,182,o
210,197,182,o
209,196,181,o
209,196,181,o
209,196,182,o
209,196,181,o
209,195,180,o
209,194,178,o
209,195,178,o
210,195,178,o
211,195,178,o
211,194,177,o
211,195,177,o
211,193,174,o
212,192,172,o
214,192,171,o
215,189,166,o
212,173,148,o
207,139,112,o
207,125,100,o
208,122,97,o
208,120,96,o
209,119,95,o
209,119,95,o
209,118,94,o
209,118,94,o
209,117,93,o
209,116,93,o
209,116,92,o
209,116,92,o
209,115,92,o
208,115,92,o
208,115,92,o
207,115,92,o
206,115,93,o
205,115,93,o
204,115,94,o
202,116,95,o
201,117,96,o
199,118,98,o
197,121,100,o
195,125,104,o
194,136,114,o
199,169,145,o
203,179,157,o
204,182,161,o
204,183,162,o
204,184,163,o
204,184,163,o
204,184,164,o
203,185,164,o
203,185,165,o
203,185,165,o
203,185,165,o
203,185,165,o
202,185,165,o
202,185,165,o
203,185,165,o
203,185,165,o
203,185,165,o
203,185,165,o
203,185,165,o
203,185,165,o
203,185,165,o
203,186,165,o
203,186,165,o
203,186,165,o
203,186,165,o
202,186,165,o
202,186,165,o
201,186,166,o
201,186,166,o
201,187,166,o
201,187,166,o
201,187,165,o
201,186,165,o
201,186,165,o
201,186,164,o
201,186,164,o
201,185,162,o
202,183,159,o
202,177,153,o
194,151,130,o
166,110,94,o
136,69,63,o
130,60,58,o
128,58,57,o
128,58,57,o
127,57,57,o
127,57,57,o
126,56,56,o
126,55,56,o
125,55,56,o
125,54,56,o
124,54,56,o
124,54,56,o
124,54,56,o
124,53,56,o
124,53,56,o
125,53,56,o
125,53,56,o
125,53,56,o
125,52,55,o
125,52,55,o
126,52,56,o
126,52,56,o
126,53,56,o
126,53,57,o
126,53,57,o
126,54,58,o
126,54,59,o
207,195,175,o
207,194,173,o
208,194,172,o
208,193,170,o
209,192,169,o
210,192,168,o
210,191,167,o
211,190,165,o
213,187,161,o
214,182,155,o
210,164,135,o
199,127,101,o
198,119,93,o
198,117,91,o
199,120,94,o
201,122,96,o
202,123,98,o
202,124,98,o
203,125,99,o
205,126,100,o
206,127,101,o
206,127,101,o
206,128,101,o
206,128,101,o
206,128,101,o
207,129,101,o
207,129,101,o
206,128,100,o
205,128,100,o
205,127,99,o
204,126,98,o
203,125,98,o
203,124,97,o
202,123,96,o
202,122,96,o
201,121,95,o
201,120,95,o
200,120,95,o
200,119,96,o
200,120,96,o
200,121,99,o
200,127,108,o
205,153,135,o
215,183,162,o
217,194,172,o
216,196,174,o
215,197,175,o
214,197,176,o
213,199,179,o
213,200,180,o
212,201,182,o
212,201,183,o
213,203,186,o
215,205,189,o
217,207,193,o
219,208,195,o
222,212,200,o
229,219,208,o
233,223,213,o
231,221,211,o
225,214,204,o
222,210,199,o
220,208,196,o
215,202,190,o
213,200,187,o
213,200,187,o
214,202,190,o
215,204,192,o
215,203,190,o
211,198,184,o
210,197,181,o
211,197,181,o
211,197,180,o
212,196,180,o
211,195,178,o
211,195,177,o
212,194,176,o
213,193,173,o
214,191,170,o
214,186,163,o
212,170,144,o
207,141,114,o
207,126,101,o
208,122,98,o
209,120,96,o
209,120,95,o
209,119,95,o
209,118,94,o
210,118,94,o
210,117,93,o
210,116,93,o
210,116,92,o
209,116,92,o
209,115,92,o
209,115,92,o
208,115,92,o
207,115,92,o
206,115,93,o
205,115,93,o
204,115,94,o
202,116,95,o
201,117,96,o
199,118,97,o
197,120,100,o
194,127,105,o
194,147,124,o
200,172,149,o
203,180,158,o
204,183,161,o
204,183,162,o
204,184,163,o
203,184,163,o
203,184,163,o
203,184,164,o
203,185,164,o
203,185,165,o
203,185,165,o
202,185,165,o
202,185,165,o
202,185,165,o
202,184,165,o
203,185,165,o
203,184,165,o
203,185,165,o
203,185,165,o
203,185,165,o
203,185,165,o
203,185,165,o
203,185,165,o
203,185,165,o
202,186,165,o
202,186,165,o
202,186,165,o
201,186,165,o
201,186,165,o
200,186,165,o
200,187,165,o
200,186,165,o
200,186,164,o
200,186,164,o
200,186,163,o
200,185,163,o
201,185,162,o
202,183,160,o
202,178,154,o
194,152,131,o
165,108,92,o
134,66,60,o
130,60,57,o
128,58,57,o
127,57,56,o
127,57,56,o
127,56,56,o
126,56,56,o
125,55,56,o
125,54,56,o
124,54,56,o
124,54,56,o
124,54,56,o
124,54,56,o
124,53,56,o
124,53,56,o
124,53,55,o
125,52,55,o
125,52,55,o
125,52,55,o
125,52,55,o
125,52,55,o
125,52,55,o
125,52,56,o
125,53,57,o
125,53,57,o
126,53,58,o
126,54,59,o
207,195,175,o
207,194,173,o
207,194,172,o
208,193,170,o
209,192,169,o
210,192,168,o
210,191,166,o
211,190,165,o
213,188,161,o
213,182,155,o
209,161,132,o
200,129,103,o
198,120,94,o
199,118,92,o
199,119,94,o
201,122,96,o
202,124,98,o
203,125,99,o
204,126,100,o
205,127,101,o
206,128,102,o
206,128,101,o
206,128,101,o
206,128,101,o
206,129,101,o
207,129,101,o
207,129,101,o
206,128,100,o
205,128,100,o
205,127,99,o
204,126,98,o
203,125,98,o
203,124,97,o
202,123,96,o
202,122,96,o
201,121,96,o
201,121,96,o
200,120,96,o
200,120,96,o
200,120,97,o
200,122,100,o
202,139,120,o
216,179,159,o
219,195,173,o
218,198,176,o
216,198,176,o
215,197,175,o
214,198,177,o
213,199,179,o
213,200,181,o
214,202,184,o
215,204,187,o
216,206,190,o
225,215,202,o
231,221,209,o
232,222,211,o
239,229,219,o
242,233,223,o
243,234,224,o
244,235,225,o
241,231,222,o
240,230,220,o
241,231,222,o
240,229,219,o
234,223,214,o
232,221,212,o
230,219,211,o
235,224,216,o
233,222,213,o
226,214,204,o
225,214,202,o
220,207,194,o
217,204,190,o
218,205,190,o
217,202,187,o
214,199,182,o
212,196,179,o
213,195,177,o
214,194,174,o
215,188,165,o
211,167,141,o
207,136,109,o
208,125,100,o
209,123,99,o
209,121,97,o
209,120,96,o
209,119,95,o
210,119,95,o
210,118,94,o
210,117,93,o
210,116,93,o
210,116,92,o
210,116,92,o
209,115,92,o
209,115,92,o
208,115,92,o
207,115,92,o
206,115,93,o
205,115,93,o
204,115,94,o
202,116,95,o
201,117,96,o
199,118,97,o
197,121,100,o
194,127,106,o
194,145,122,o
199,170,146,o
203,180,158,o
203,182,160,o
203,182,161,o
203,183,162,o
203,183,163,o
203,184,163,o
203,184,164,o
203,185,164,o
203,185,165,o
203,185,165,o
202,185,165,o
202,185,165,o
202,184,164,o
202,184,165,o
202,184,165,o
203,184,165,o
203,184,165,o
203,185,165,o
203,185,165,o
203,185,165,o
203,185,165,o
203,185,165,o
203,185,165,o
202,185,165,o
202,186,165,o
202,186,165,o
201,186,165,o
201,186,165,o
200,186,165,o
200,186,165,o
200,186,165,o
200,186,164,o
200,186,164,o
200,185,163,o
200,185,162,o
201,184,161,o
202,183,159,o
202,178,154,o
196,155,134,o
163,106,91,o
132,63,59,o
129,59,57,o
128,58,56,o
127,57,56,o
127,57,56,o
127,56,56,o
126,56,56,o
125,55,56,o
125,54,56,o
124,54,56,o
124,54,56,o
124,54,56,o
124,53,56,o
124,53,56,o
124,53,55,o
124,53,55,o
124,52,55,o
125,52,55,o
125,52,55,o
125,52,55,o
125,52,55,o
125,52,55,o
125,52,56,o
125,52,56,o
125,53,57,o
126,53,58,o
126,54,59,o
110,50,53,r
110,49,52,r
110,48,52,r
111,48,51,r
111,47,51,r
111,47,51,r
111,47,51,r
111,47,51,r
111,47,52,r
111,47,52,r
110,48,52,r
110,48,52,r
110,48,51,r
110,49,51,r
110,50,51,r
110,50,51,r
110,50,51,r
110,49,53,r
110,48,52,r
110,48,52,r
111,48,51,r
111,47,51,r
111,47,51,r
111,47,51,r
111,47,51,r
111,47,52,r
111,47,52,r
110,48,52,r
110,48,52,r
110,48,51,r
110,49,51,r
110,49,51,r
110,50,51,r
110,50,51,r
110,49,53,r
110,48,52,r
110,48,51,r
111,48,51,r
111,47,51,r
111,47,51,r
111,47,51,r
111,47,51,r
111,47,52,r
111,47,52,r
110,48,52,r
110,48,52,r
110,48,51,r
110,49,51,r
110,49,51,r
110,50,51,r
110,50,51,r
110,50,53,r
110,48,52,r
110,48,51,r
111,47,51,r
111,47,51,r
111,47,51,r
111,47,51,r
111,47,51,r
111,47,52,r
111,47,52,r
110,48,52,r
110,48,52,r
110,48,51,r
110,49,51,r
110,49,51,r
110,50,51,r
110,51,51,r
110,50,53,r
110,49,52,r
110,48,51,r
111,47,51,r
111,47,51,r
111,47,51,r
111,47,51,r
111,47,51,r
111,47,52,r
111,47,52,r
110,48,52,r
110,48,52,r
110,48,51,r
110,49,51,r
110,49,51,r
110,50,51,r
110,50,51,r
110,49,53,r
110,49,52,r
111,48,51,r
111,48,51,r
111,47,51,r
111,47,51,r
111,47,51,r
111,47,51,r
111,47,52,r
111,47,52,r
110,48,52,r
110,48,52,r
110,48,51,r
110,49,51,r
110,49,51,r
110,50,51,r
110,50,51,r
110,49,53,r
110,49,52,r
111,48,52,r
111,48,51,r
111,47,51,r
111,47,51,r
111,47,51,r
111,47,51,r
111,47,52,r
111,47,52,r
110,48,52,r
110,48,52,r
110,48,51,r
110,49,51,r
110,50,51,r
110,50,51,r
110,50,50,r
110,54,61,b
110,53,60,b
110,52,59,b
109,52,59,b
109,51,58,b
109,50,56,b
108,50,56,b
108,50,55,b
108,50,55,b
107,50,54,b
107,50,54,b
107,50,54,b
107,50,54,b
106,51,54,b
106,51,55,b
106,51,55,b
106,51,55,b
106,51,56,b
106,51,56,b
106,51,57,b
106,51,57,b
107,52,58,b
107,53,58,b
107,53,58,b
108,54,59,b
110,54,61,b
110,53,60,b
110,52,59,b
109,52,59,b
109,51,57,b
109,50,56,b
108,50,56,b
108,50,55,b
108,50,55,b
107,50,54,b
107,50,54,b
107,50,54,b
107,50,54,b
106,51,54,b
106,51,54,b
106,51,55,b
106,51,55,b
106,51,55,b
106,51,56,b
106,51,56,b
106,51,57,b
106,52,57,b
106,52,58,b
107,53,58,b
108,55,59,b
110,53,61,b
110,53,60,b
110,52,59,b
109,51,58,b
109,51,57,b
108,50,56,b
108,50,55,b
108,50,55,b
108,50,54,b
107,50,54,b
107,50,54,b
107,50,54,b
107,50,54,b
106,50,54,b
106,50,54,b
106,50,55,b
106,50,55,b
106,50,55,b
106,50,56,b
106,51,56,b
106,51,56,b
106,51,57,b
106,52,57,b
107,53,58,b
107,53,58,b
110,53,61,b
110,52,60,b
109,52,59,b
109,51,58,b
109,51,57,b
108,50,56,b
108,50,55,b
108,50,55,b
108,50,54,b
107,50,54,b
107,50,54,b
107,50,54,b
107,50,54,b
106,50,54,b
106,50,54,b
106,50,54,b
106,50,55,b
106,50,55,b
106,50,55,b
106,50,56,b
106,51,56,b
106,51,56,b
106,52,57,b
106,52,57,b
107,53,58,b
110,53,61,b
110,52,60,b
109,51,59,b
109,51,58,b
109,50,57,b
108,50,56,b
108,50,55,b
108,50,54,b
108,50,54,b
107,50,54,b
107,50,54,b
107,50,54,b
107,50,54,b
106,50,54,b
106,50,54,b
106,50,54,b
106,50,54,b
106,50,55,b
106,50,55,b
106,50,55,b
106,51,56,b
106,51,56,b
106,52,57,b
106,52,57,b
107,53,58,b
110,53,60,b
110,52,59,b
109,51,58,b
109,51,58,b
109,50,57,b
108,50,56,b
108,50,55,b
108,50,54,b
107,50,54,b
107,50,54,b
107,50,53,b
107,50,53,b
106,50,53,b
106,50,54,b
106,50,54,b
106,50,54,b
106,50,54,b
106,50,55,b
106,50,55,b
106,50,55,b
106,51,56,b
106,51,56,b
106,52,57,b
106,52,57,b
107,53,58,b
110,53,60,b
110,52,59,b
109,51,58,b
109,51,58,b
109,50,57,b
109,50,56,b
108,50,55,b
108,50,54,b
108,50,54,b
107,50,54,b
107,50,53,b
107,50,53,b
106,50,53,b
106,50,54,b
106,50,54,b
106,50,54,b
106,50,54,b
106,50,55,b
106,50,55,b
106,50,55,b
106,51,56,b
106,51,56,b
106,51,57,b
106,52,57,b
107,52,57,b
60,64,95,r
58,63,95,r
58,63,96,r
57,62,96,r
57,62,96,r
57,63,97,r
58,63,97,r
58,63,97,r
58,63,97,r
59,63,98,r
59,64,99,r
59,64,99,r
60,64,100,r
61,65,101,r
61,66,101,r
62,66,102,r
62,66,102,r
63,67,103,r
64,67,104,r
64,68,105,r
65,68,105,r
66,69,106,r
68,70,106,r
69,71,107,r
70,71,107,r
59,63,95,r
58,63,95,r
58,63,95,r
58,62,96,r
57,62,96,r
57,62,97,r
58,63,97,r
58,63,97,r
58,63,97,r
58,63,98,r
59,64,99,r
59,64,99,r
60,64,100,r
60,65,100,r
61,65,101,r
62,66,102,r
62,66,102,r
63,67,103,r
64,67,104,r
64,68,104,r
65,68,105,r
66,69,106,r
68,70,106,r
69,70,106,r
70,71,107,r
59,63,95,r
58,63,95,r
58,63,95,r
58,62,96,r
57,62,96,r
57,62,96,r
57,63,97,r
58,63,97,r
58,63,97,r
58,63,98,r
59,63,98,r
59,64,99,r
60,64,100,r
60,65,100,r
61,65,101,r
61,66,101,r
62,66,102,r
63,67,103,r
64,67,104,r
64,68,104,r
65,68,105,r
66,69,106,r
67,69,106,r
68,70,106,r
69,70,107,r
58,63,95,r
58,63,95,r
58,62,95,r
57,62,95,r
57,62,96,r
57,62,96,r
57,62,97,r
58,63,97,r
58,63,97,r
58,63,98,r
59,63,98,r
59,64,99,r
60,64,100,r
60,64,100,r
61,65,101,r
61,66,101,r
62,66,102,r
63,67,103,r
63,67,103,r
64,68,104,r
65,68,105,r
66,69,105,r
67,69,106,r
68,70,106,r
69,70,106,r
58,63,95,r
58,63,95,r
58,62,95,r
57,62,95,r
57,62,96,r
57,62,96,r
57,62,97,r
58,63,97,r
58,63,97,r
58,63,98,r
59,63,98,r
59,64,99,r
60,64,99,r
60,64,100,r
61,65,101,r
61,65,101,r
62,66,102,r
63,66,103,r
63,67,103,r
64,67,104,r
65,68,105,r
66,68,105,r
67,69,106,r
68,69,106,r
69,70,106,r
58,63,95,r
58,63,95,r
58,62,95,r
57,62,95,r
57,62,96,r
57,62,96,r
57,62,97,r
58,63,97,r
58,63,97,r
58,63,98,r
59,63,98,r
59,64,99,r
60,64,99,r
60,64,100,r
60,65,101,r
61,65,101,r
62,66,102,r
62,66,102,r
63,67,103,r
64,67,104,r
65,68,104,r
66,68,105,r
67,69,105,r
67,69,106,r
68,70,106,r
58,63,95,r
58,62,95,r
58,62,95,r
57,62,96,r
57,62,96,r
57,62,96,r
57,62,97,r
58,63,97,r
58,63,97,r
58,63,98,r
59,63,98,r
59,64,99,r
60,64,99,r
60,64,100,r
60,65,101,r
61,65,101,r
62,66,102,r
62,66,102,r
63,67,103,r
64,67,104,r
65,68,104,r
66,68,105,r
67,69,105,r
67,69,106,r
68,69,106,r
96,70,69,b
92,67,66,b
91,67,66,b
90,67,66,b
89,67,67,b
89,68,68,b
89,67,68,b
88,67,68,b
88,67,69,b
89,68,69,b
89,68,69,b
90,68,69,b
90,68,69,b
91,68,68,b
92,68,68,b
93,68,68,b
94,68,69,b
95,68,69,b
95,68,68,b
95,68,69,b
94,68,67,b
92,66,66,b
91,66,66,b
89,66,66,b
89,66,66,b
88,67,67,b
88,67,68,b
88,67,68,b
88,67,68,b
89,68,69,b
89,68,69,b
90,68,69,b
90,68,68,b
91,68,68,b
92,67,68,b
93,68,68,b
94,68,68,b
94,68,68,b
95,68,68,b
95,68,68,b
93,66,66,b
92,66,65,b
90,66,65,b
89,66,66,b
89,66,66,b
88,67,67,b
88,67,67,b
88,67,68,b
88,67,68,b
89,67,68,b
89,68,69,b
90,68,69,b
90,68,68,b
91,67,68,b
92,67,68,b
93,67,68,b
94,67,68,b
94,67,68,b
94,67,68,b
95,68,68,b
93,65,65,b
91,65,65,b
91,65,65,b
90,66,66,b
89,66,66,b
89,66,66,b
88,67,67,b
88,67,67,b
88,67,68,b
89,67,68,b
89,68,68,b
90,68,68,b
90,67,68,b
91,67,68,b
92,67,68,b
93,67,68,b
93,67,68,b
94,67,68,b
94,67,68,b
95,67,68,b
93,65,65,b
91,65,65,b
91,65,65,b
90,65,65,b
89,66,66,b
89,66,66,b
88,66,67,b
88,66,67,b
89,67,67,b
89,67,68,b
89,67,68,b
90,67,68,b
90,67,67,b
91,67,68,b
92,66,67,b
93,66,67,b
93,67,68,b
94,67,68,b
94,67,68,b
95,67,68,b
92,64,64,b
91,64,64,b
91,65,65,b
90,65,65,b
90,65,66,b
89,66,66,b
89,66,66,b
89,66,66,b
89,66,67,b
89,67,67,b
89,67,67,b
90,66,67,b
90,66,67,b
91,66,67,b
92,66,67,b
93,66,67,b
94,66,67,b
94,66,67,b
94,67,67,b
95,67,67,b
92,64,64,b
91,64,64,b
91,65,64,b
90,65,65,b
90,65,65,b
89,65,65,b
89,65,66,b
89,66,66,b
89,66,66,b
89,66,67,b
89,66,67,b
90,66,67,b
91,66,67,b
91,66,67,b
92,65,67,b
93,66,67,b
94,66,67,b
94,66,67,b
94,66,67,b
95,66,67,b
92,64,63,b
91,64,64,b
91,64,64,b
90,65,65,b
90,65,65,b
89,65,65,b
89,65,65,b
89,65,66,b
89,66,66,b
89,66,66,b
90,66,66,b
90,66,66,b
91,65,66,b
92,65,66,b
92,65,66,b
93,65,66,b
93,65,66,b
94,65,66,b
94,65,67,b
94,66,67,b
92,64,63,b
91,64,64,b
91,64,64,b
90,64,64,b
89,64,64,b
89,64,65,b
89,65,65,b
89,65,65,b
89,65,66,b
89,66,66,b
90,66,66,b
91,65,66,b
91,65,66,b
92,65,66,b
92,65,66,b
93,65,66,b
93,65,66,b
94,65,66,b
94,65,66,b
94,65,67,b
92,64,63,b
92,64,64,b
91,64,64,b
90,64,64,b
89,64,64,b
89,64,64,b
89,65,65,b
89,65,65,b
89,65,65,b
89,65,66,b
90,65,66,b
91,65,66,b
91,65,66,b
92,65,66,b
93,64,66,b
93,64,66,b
94,65,66,b
94,65,66,b
94,65,66,b
94,65,67,b
92,64,63,b
92,64,63,b
91,64,64,b
90,64,64,b
90,64,64,b
89,64,64,b
89,65,65,b
89,65,65,b
89,65,65,b
89,65,66,b
90,65,66,b
91,65,66,b
91,65,66,b
92,64,66,b
93,64,65,b
93,64,65,b
94,65,66,b
94,65,66,b
94,64,66,b
94,65,67,b
224,218,146,z
226,219,146,z
227,221,147,z
228,222,147,z
230,224,148,z
231,225,149,z
231,225,149,z
231,225,149,z
230,224,149,z
230,224,149,z
230,224,150,z
230,223,151,z
230,223,151,z
230,223,152,z
230,223,152,z
230,224,153,z
231,224,154,z
232,226,155,z
234,227,157,z
235,229,158,z
236,231,160,z
239,234,163,z
241,237,166,z
243,240,170,z
247,246,178,z
248,248,182,z
247,247,182,z
246,246,184,z
246,245,187,z
233,230,187,z
205,198,181,z
199,190,182,z
199,190,183,z
199,190,184,z
199,190,184,z
199,190,185,z
199,190,186,z
199,190,187,z
200,190,188,z
200,191,190,z
201,192,192,z
204,195,195,z
213,206,207,z
238,236,238,z
250,250,251,z
252,253,253,z
252,253,253,z
252,253,253,z
253,254,253,z
253,254,253,z
253,254,253,z
253,254,252,z
253,254,252,z
252,254,252,z
252,254,252,z
251,254,252,z
250,254,251,z
250,253,251,z
249,253,252,z
247,253,252,z
243,252,252,z
210,229,248,z
159,180,220,z
113,130,196,z
99,117,192,z
95,114,188,z
96,116,191,z
98,119,196,z
97,120,198,z
97,121,200,z
96,119,198,z
95,118,199,z
95,119,201,z
96,121,203,z
96,123,205,z
95,122,204,z
94,120,201,z
93,119,199,z
91,115,193,z
87,109,185,z
85,107,181,z
84,104,177,z
83,102,173,z
83,102,170,z
83,101,169,z
83,101,168,z
83,101,167,z
84,102,166,z
86,103,165,z
90,106,165,z
224,218,145,z
226,219,146,z
227,220,146,z
228,222,147,z
230,224,148,z
231,225,149,z
232,226,149,z
231,225,149,z
230,224,149,z
230,224,149,z
230,223,150,z
230,223,150,z
230,223,151,z
230,223,152,z
230,223,152,z
230,223,153,z
231,224,154,z
232,226,155,z
233,227,157,z
234,228,158,z
236,231,160,z
239,234,162,z
240,236,164,z
243,241,171,z
247,246,178,z
248,247,182,z
248,247,183,z
248,247,186,z
247,247,188,z
237,234,188,z
204,196,181,z
199,191,182,z
199,190,183,z
200,191,184,z
200,191,185,z
199,190,185,z
200,191,186,z
200,191,187,z
200,191,189,z
201,192,191,z
202,193,193,z
207,199,199,z
227,223,225,z
249,249,249,z
251,252,252,z
252,253,253,z
252,253,253,z
252,253,253,z
253,254,253,z
253,254,253,z
253,254,253,z
253,254,252,z
253,254,252,z
252,254,252,z
252,254,252,z
251,254,252,z
251,254,251,z
250,254,251,z
249,253,252,z
247,253,252,z
242,251,252,z
214,232,249,z
156,177,218,z
108,126,194,z
97,116,189,z
95,114,187,z
96,116,192,z
97,119,197,z
98,121,200,z
98,122,203,z
97,120,200,z
96,119,200,z
96,120,201,z
96,122,204,z
96,123,206,z
96,123,205,z
95,121,203,z
93,119,200,z
89,113,190,z
87,109,186,z
85,106,180,z
83,104,176,z
83,102,173,z
83,102,171,z
83,102,169,z
83,101,168,z
83,101,167,z
84,102,166,z
86,103,165,z
90,106,165,z
223,217,145,z
225,219,146,z
226,220,146,z
228,222,147,z
230,223,148,z
231,225,148,z
231,225,149,z
230,224,149,z
230,223,149,z
229,223,149,z
230,223,150,z
230,223,150,z
230,223,151,z
230,223,151,z
230,223,152,z
231,224,153,z
232,225,154,z
233,226,155,z
233,227,156,z
235,228,158,z
237,231,160,z
239,235,163,z
241,238,166,z
245,243,173,z
247,246,179,z
247,246,181,z
247,247,183,z
248,247,186,z
247,246,187,z
234,231,187,z
205,197,182,z
202,193,182,z
200,191,183,z
200,191,183,z
200,191,184,z
200,191,185,z
200,191,186,z
200,191,188,z
201,192,190,z
202,193,192,z
205,196,196,z
216,209,210,z
244,243,244,z
251,252,252,z
252,253,253,z
252,253,253,z
252,253,253,z
253,253,253,z
253,254,253,z
253,254,253,z
253,254,253,z
253,254,252,z
253,254,252,z
253,254,252,z
252,254,252,z
251,254,252,z
251,254,252,z
250,254,252,z
249,253,252,z
247,253,252,z
244,252,252,z
217,235,250,z
161,182,222,z
111,130,197,z
96,114,187,z
95,114,187,z
96,117,193,z
97,119,197,z
98,122,202,z
98,123,203,z
97,122,203,z
97,122,203,z
97,123,205,z
98,125,208,z
98,126,209,z
96,124,207,z
95,122,203,z
92,118,198,z
90,113,191,z
88,110,186,z
85,106,180,z
83,104,176,z
83,103,173,z
83,102,171,z
83,102,170,z
83,102,169,z
83,101,168,z
84,101,166,z
84,102,165,z
90,106,165,z
224,217,145,z
225,218,145,z
226,220,146,z
228,222,147,z
229,223,147,z
230,224,148,z
230,224,148,z
230,223,148,z
229,223,148,z
229,223,149,z
229,223,149,z
229,223,150,z
229,223,151,z
230,223,151,z
230,223,152,z
231,224,153,z
232,225,154,z
233,227,156,z
234,228,157,z
235,229,158,z
237,232,160,z
240,236,164,z
243,239,169,z
246,243,175,z
247,245,178,z
247,245,180,z
247,246,183,z
248,247,186,z
247,246,186,z
237,234,187,z
208,201,182,z
202,194,182,z
201,192,183,z
201,192,184,z
200,192,185,z
200,191,185,z
201,192,187,z
201,192,188,z
202,193,190,z
204,195,193,z
208,200,199,z
228,224,225,z
250,250,250,z
252,252,253,z
252,253,253,z
252,253,253,z
252,253,253,z
253,253,253,z
253,253,253,z
253,254,253,z
253,254,253,z
253,254,253,z
253,254,252,z
253,254,252,z
252,254,252,z
251,254,252,z
251,254,252,z
250,254,252,z
249,253,252,z
247,253,252,z
245,252,252,z
224,239,251,z
163,183,223,z
115,135,201,z
98,116,190,z
96,115,189,z
97,117,194,z
98,120,198,z
99,122,202,z
99,124,205,z
99,125,206,z
98,125,208,z
99,127,210,z
100,131,214,z
100,131,215,z
98,127,210,z
96,123,205,z
93,118,198,z
91,115,194,z
88,111,188,z
85,106,180,z
84,104,175,z
83,103,173,z
83,102,171,z
83,102,170,z
83,102,169,z
83,101,168,z
83,101,167,z
84,101,166,z
90,106,166,z
224,217,144,z
225,218,145,z
226,220,145,z
227,221,145,z
228,222,146,z
229,223,147,z
229,223,147,z
229,223,148,z
229,223,148,z
229,223,149,z
229,223,149,z
229,223,150,z
230,223,151,z
230,223,152,z
230,223,152,z
231,224,153,z
233,226,155,z
234,227,157,z
236,229,158,z
237,230,159,z
238,232,161,z
241,236,164,z
243,239,169,z
245,242,174,z
246,244,178,z
247,245,180,z
247,246,183,z
248,247,185,z
247,246,186,z
238,235,187,z
209,202,182,z
203,195,182,z
201,193,183,z
202,193,184,z
203,194,186,z
202,194,187,z
202,193,187,z
202,193,188,z
203,194,190,z
205,196,194,z
212,204,203,z
238,235,236,z
251,251,251,z
252,252,253,z
252,253,253,z
252,253,253,z
253,253,253,z
253,253,253,z
253,253,253,z
253,254,253,z
254,254,253,z
254,254,253,z
253,254,252,z
253,254,252,z
252,254,252,z
251,254,252,z
251,254,252,z
250,254,252,z
249,253,252,z
247,253,252,z
246,253,252,z
235,247,253,z
175,195,233,z
121,142,206,z
100,119,192,z
98,117,191,z
99,120,196,z
99,122,201,z
101,127,207,z
103,131,212,z
102,131,214,z
102,132,215,z
102,133,217,z
103,136,220,z
103,136,220,z
100,132,216,z
96,125,207,z
94,120,201,z
92,116,196,z
89,112,189,z
85,106,180,z
83,103,174,z
83,102,172,z
84,102,171,z
84,102,171,z
84,102,170,z
83,101,168,z
83,101,167,z
84,101,166,z
91,107,167,z
223,217,144,z
224,218,144,z
225,219,145,z
226,220,145,z
227,221,145,z
228,222,146,z
228,222,147,z
229,223,147,z
229,223,148,z
229,222,148,z
229,222,149,z
229,223,150,z
230,223,151,z
230,223,152,z
231,224,153,z
232,225,154,z
233,226,155,z
235,228,157,z
236,229,158,z
237,230,160,z
238,231,160,z
240,234,163,z
243,238,167,z
245,241,172,z
246,244,177,z
247,245,181,z
248,246,183,z
248,247,186,z
248,246,186,z
236,232,185,z
211,204,182,z
204,196,182,z
203,194,183,z
204,195,185,z
205,196,187,z
205,196,188,z
204,195,188,z
203,194,189,z
204,195,191,z
207,198,195,z
216,208,207,z
243,241,241,z
252,252,252,z
252,252,253,z
252,252,253,z
252,253,253,z
253,253,253,z
253,253,253,z
253,253,253,z
254,254,254,z
254,254,253,z
254,254,253,z
253,254,253,z
253,254,252,z
252,254,252,z
251,254,252,z
251,253,252,z
250,253,252,z
249,253,252,z
248,253,252,z
247,253,252,z
241,250,253,z
186,206,241,z
125,147,210,z
103,123,196,z
101,122,197,z
101,123,200,z
101,125,204,z
104,132,212,z
109,142,223,z
110,145,227,z
109,145,228,z
107,143,227,z
107,143,227,z
106,142,226,z
102,136,220,z
98,128,211,z
95,123,205,z
93,119,199,z
89,112,189,z
86,106,180,z
84,103,175,z
83,102,172,z
83,101,170,z
84,102,170,z
84,102,170,z
84,101,169,z
84,101,168,z
87,103,167,z
98,113,171,z
223,217,143,z
224,218,144,z
225,219,144,z
226,220,144,z
226,220,145,z
227,221,145,z
227,221,146,z
228,222,147,z
228,222,147,z
228,222,148,z
228,222,149,z
229,222,150,z
230,223,151,z
230,223,152,z
231,224,154,z
232,225,155,z
234,226,156,z
235,228,157,z
236,229,158,z
238,231,160,z
239,232,162,z
241,234,164,z
242,236,166,z
244,240,171,z
246,242,176,z
247,244,180,z
247,245,182,z
247,246,184,z
246,244,185,z
235,231,185,z
212,206,183,z
205,197,182,z
205,196,184,z
206,198,187,z
207,199,189,z
206,198,190,z
206,197,190,z
205,196,191,z
206,197,193,z
209,200,197,z
223,217,216,z
248,247,247,z
252,252,252,z
252,252,253,z
252,253,253,z
253,253,253,z
253,253,253,z
253,253,253,z
253,254,254,z
254,254,254,z
254,254,253,z
254,254,253,z
254,254,253,z
253,254,253,z
252,254,253,z
252,253,252,z
251,253,252,z
251,253,252,z
250,253,252,z
249,253,252,z
248,253,252,z
244,251,253,z
191,210,244,z
131,155,217,z
107,128,200,z
105,125,201,z
106,129,206,z
105,131,209,z
109,139,219,z
115,150,230,z
118,158,239,z
117,157,239,z
117,158,240,z
116,157,240,z
113,154,237,z
108,146,231,z
102,136,220,z
97,128,210,z
94,121,202,z
89,113,191,z
86,107,181,z
84,104,176,z
83,102,172,z
83,101,171,z
84,102,171,z
84,102,170,z
84,102,169,z
85,102,169,z
90,105,169,z
110,123,179,z
222,216,142,z
224,217,143,z
225,218,143,z
225,219,144,z
226,220,144,z
227,221,145,z
227,221,145,z
227,221,146,z
228,222,147,z
228,222,147,z
228,222,148,z
229,222,149,z
229,223,151,z
230,223,153,z
232,224,154,z
233,226,156,z
234,227,157,z
235,228,158,z
236,229,159,z
238,231,161,z
240,233,162,z
241,235,165,z
243,237,167,z
244,239,170,z
245,240,173,z
245,242,176,z
245,242,179,z
246,243,182,z
245,241,184,z
231,226,184,z
211,204,183,z
207,199,183,z
207,199,185,z
208,200,188,z
209,200,190,z
208,199,191,z
207,198,191,z
206,197,192,z
208,199,195,z
213,204,202,z
232,227,227,z
251,250,250,z
252,252,253,z
252,252,253,z
252,253,253,z
253,253,253,z
253,253,253,z
253,253,254,z
254,254,254,z
254,254,254,z
254,254,253,z
254,254,253,z
254,254,253,z
253,254,253,z
253,254,253,z
252,253,252,z
252,253,252,z
251,253,252,z
250,253,252,z
250,253,252,z
248,253,252,z
245,251,253,z
199,216,246,z
133,157,220,z
108,128,201,z
110,133,208,z
111,136,213,z
111,139,217,z
114,147,226,z
120,159,238,z
126,169,247,z
127,171,249,z
125,169,248,z
124,169,249,z
123,168,248,z
117,161,243,z
107,146,231,z
100,132,216,z
94,122,204,z
89,114,193,z
86,107,183,z
85,104,177,z
84,103,174,z
84,102,172,z
84,102,172,z
84,102,171,z
85,102,170,z
86,103,170,z
97,112,174,z
127,138,190,z
222,216,142,z
224,217,142,z
225,218,143,z
225,219,143,z
226,220,144,z
226,220,144,z
227,221,145,z
227,221,146,z
227,221,147,z
228,221,147,z
228,222,148,z
228,222,149,z
229,222,150,z
230,223,152,z
232,224,154,z
233,226,156,z
235,227,158,z
236,229,159,z
237,230,160,z
239,231,161,z
240,233,163,z
242,235,165,z
243,237,168,z
244,238,170,z
244,239,171,z
244,240,173,z
244,240,176,z
244,240,180,z
240,236,183,z
222,216,182,z
210,203,183,z
207,200,184,z
208,200,186,z
208,200,188,z
208,200,190,z
208,199,190,z
207,198,191,z
207,198,193,z
209,199,196,z
214,205,204,z
237,232,233,z
251,249,250,z
252,252,253,z
253,252,253,z
253,253,253,z
253,253,254,z
253,253,254,z
253,253,254,z
254,254,254,z
254,254,254,z
254,254,254,z
254,254,253,z
254,254,253,z
253,254,253,z
253,253,253,z
252,253,252,z
252,253,252,z
251,253,252,z
251,253,252,z
249,252,252,z
248,252,252,z
246,251,253,z
203,218,247,z
134,158,223,z
114,135,208,z
116,141,215,z
119,148,223,z
121,155,232,z
123,162,239,z
127,169,247,z
129,173,250,z
129,173,251,z
127,172,250,z
126,172,250,z
127,173,251,z
122,168,248,z
110,152,236,z
100,133,217,z
93,120,203,z
89,113,193,z
87,108,185,z
86,106,180,z
85,104,177,z
84,102,173,z
84,102,172,z
84,102,171,z
86,103,171,z
88,105,171,z
98,113,176,z
134,145,197,z
223,217,142,z
224,218,142,z
225,219,143,z
225,219,143,z
226,220,144,z
226,220,144,z
226,220,145,z
227,221,146,z
227,221,146,z
228,221,147,z
228,222,148,z
228,222,149,z
229,222,151,z
230,223,152,z
232,224,155,z
234,226,157,z
236,228,159,z
237,229,160,z
238,230,161,z
239,232,162,z
241,234,164,z
242,235,166,z
243,237,168,z
243,238,169,z
244,239,171,z
244,239,173,z
244,239,174,z
241,236,177,z
232,227,180,z
215,209,181,z
209,202,183,z
208,200,184,z
207,199,185,z
208,199,187,z
207,199,188,z
207,198,189,z
207,198,191,z
207,198,193,z
209,200,196,z
214,205,203,z
238,233,234,z
251,249,250,z
252,252,253,z
253,252,253,z
253,252,253,z
253,253,254,z
253,253,254,z
253,253,254,z
253,254,254,z
254,254,254,z
254,254,254,z
254,254,253,z
254,254,253,z
254,253,253,z
253,253,253,z
252,253,252,z
252,253,252,z
251,253,252,z
251,253,252,z
249,252,252,z
248,252,252,z
244,250,253,z
191,208,243,z
129,153,219,z
118,140,213,z
123,151,224,z
130,167,241,z
131,172,246,z
130,173,249,z
130,174,250,z
131,175,252,z
131,175,252,z
129,174,251,z
128,173,251,z
127,173,251,z
122,167,248,z
108,148,232,z
96,127,211,z
90,116,198,z
88,111,190,z
87,109,186,z
87,107,183,z
86,105,179,z
84,102,174,z
84,102,172,z
85,102,172,z
86,103,172,z
90,107,173,z
111,125,185,z
144,154,205,z
223,217,142,z
224,218,142,z
225,219,143,z
225,219,143,z
226,220,144,z
226,220,144,z
226,220,145,z
227,221,145,z
227,221,146,z
227,221,147,z
228,222,148,z
228,222,149,z
229,222,151,z
230,223,153,z
232,225,155,z
235,227,158,z
237,229,160,z
237,229,160,z
238,231,161,z
239,232,162,z
241,234,164,z
242,236,166,z
243,236,167,z
243,237,169,z
244,238,170,z
244,238,172,z
242,237,173,z
239,233,175,z
228,222,177,z
215,208,180,z
209,201,182,z
207,199,183,z
207,199,185,z
207,199,186,z
207,198,187,z
207,198,189,z
207,198,191,z
207,198,193,z
208,199,195,z
212,203,201,z
231,226,226,z
250,249,249,z
252,252,252,z
253,252,253,z
252,252,253,z
253,253,253,z
253,253,254,z
253,253,254,z
253,254,254,z
254,254,254,z
254,254,254,z
254,254,253,z
254,254,253,z
254,253,253,z
253,253,253,z
253,253,252,z
252,253,252,z
251,253,252,z
250,252,252,z
249,252,252,z
249,252,252,z
242,248,253,z
166,186,234,z
129,153,219,z
123,148,220,z
129,160,233,z
135,175,248,z
134,177,250,z
131,175,249,z
130,173,249,z
131,175,252,z
132,176,252,z
131,176,252,z
130,175,252,z
128,174,251,z
121,167,247,z
107,148,232,z
93,122,206,z
88,113,193,z
87,109,187,z
86,108,185,z
87,108,184,z
87,106,180,z
85,104,176,z
85,103,174,z
85,103,172,z
86,103,172,z
91,107,174,z
118,131,189,z
152,161,211,z
67,44,44,z
66,43,42,z
66,43,41,z
66,42,41,z
66,42,40,z
66,41,39,z
65,41,39,z
65,41,38,z
65,41,38,z
65,41,38,z
66,42,38,z
66,42,38,z
66,42,38,z
66,42,38,z
66,42,38,z
66,42,38,z
66,42,38,z
67,43,38,z
68,43,39,z
69,43,39,z
69,44,39,z
70,44,39,z
71,44,40,z
74,46,41,z
79,50,44,z
95,65,54,z
131,109,88,z
142,122,99,z
67,45,44,z
66,43,42,z
66,43,41,z
66,42,41,z
66,42,40,z
66,41,39,z
65,41,39,z
65,41,38,z
65,41,38,z
65,41,38,z
66,41,38,z
66,42,38,z
66,42,38,z
66,42,38,z
66,42,38,z
66,42,38,z
67,42,38,z
67,43,39,z
68,43,39,z
69,43,39,z
69,44,39,z
70,44,40,z
71,44,40,z
73,46,41,z
77,49,43,z
98,68,56,z
123,98,79,z
140,121,98,z
67,44,44,z
67,43,42,z
66,43,41,z
66,42,41,z
66,42,40,z
66,42,39,z
65,41,39,z
65,41,38,z
65,41,38,z
65,41,38,z
66,41,38,z
66,42,38,z
66,42,38,z
66,42,38,z
66,42,38,z
66,42,38,z
67,42,38,z
67,43,39,z
68,43,39,z
69,43,39,z
69,44,39,z
70,44,40,z
71,44,40,z
72,45,40,z
79,50,43,z
99,69,57,z
120,95,76,z
140,121,98,z
67,44,43,z
67,43,42,z
66,42,41,z
66,42,41,z
66,42,40,z
66,42,40,z
66,41,39,z
66,41,38,z
66,41,38,z
66,41,38,z
66,42,38,z
66,42,38,z
66,42,38,z
66,42,38,z
66,42,38,z
66,42,38,z
67,42,38,z
68,43,39,z
68,43,39,z
69,43,39,z
70,44,39,z
70,44,40,z
71,45,40,z
73,46,41,z
79,50,44,z
99,70,57,z
127,103,83,z
142,124,100,z
67,44,43,z
67,43,42,z
66,42,41,z
66,42,41,z
66,42,40,z
66,42,40,z
66,42,39,z
66,41,38,z
66,41,38,z
66,41,38,z
66,42,38,z
66,42,38,z
66,42,38,z
66,42,38,z
66,42,38,z
66,42,38,z
67,42,38,z
68,43,39,z
68,43,39,z
69,43,39,z
70,44,39,z
71,44,40,z
72,45,40,z
73,46,41,z
80,51,44,z
104,76,62,z
131,109,87,z
145,127,102,z
67,44,43,z
67,43,42,z
66,43,41,z
66,42,41,z
66,42,40,z
66,42,40,z
66,41,39,z
66,41,38,z
66,41,38,z
66,41,38,z
66,42,38,z
66,42,38,z
66,42,38,z
66,42,38,z
66,42,38,z
67,42,38,z
67,42,38,z
68,43,39,z
69,43,39,z
69,43,39,z
70,44,40,z
71,44,40,z
73,45,40,z
75,46,41,z
82,52,45,z
107,79,64,z
135,113,90,z
147,129,103,z
67,44,43,z
67,43,42,z
66,43,41,z
66,43,41,z
66,42,40,z
66,42,39,z
66,41,39,z
66,41,38,z
66,41,38,z
66,41,38,z
66,42,38,z
66,42,38,z
66,42,38,z
66,42,38,z
66,42,38,z
67,42,38,z
67,42,39,z
68,43,39,z
69,43,39,z
70,44,39,z
71,44,40,z
72,44,40,z
74,46,41,z
76,47,42,z
84,54,46,z
108,79,64,z
135,112,90,z
147,129,103,z
67,45,43,z
67,44,42,z
66,43,41,z
66,43,40,z
66,42,40,z
66,42,39,z
65,41,39,z
65,41,38,z
66,41,38,z
66,42,38,z
66,42,38,z
66,42,38,z
66,42,38,z
66,42,38,z
66,42,38,z
67,42,38,z
67,42,39,z
68,43,39,z
69,43,39,z
70,44,40,z
71,44,40,z
71,44,40,z
73,45,41,z
76,47,42,z
87,56,48,z
110,80,66,z
135,112,90,z
148,130,104,z
67,44,43,z
66,44,42,z
66,43,41,z
66,43,40,z
66,42,40,z
66,42,39,z
65,41,39,z
65,41,38,z
66,41,38,z
66,42,38,z
66,42,38,z
66,42,38,z
66,42,38,z
66,42,38,z
66,42,38,z
67,42,38,z
68,42,39,z
68,43,39,z
69,43,39,z
70,44,40,z
70,44,40,z
71,44,40,z
73,45,41,z
77,47,42,z
87,56,48,z
111,82,67,z
135,111,90,z
148,129,103,z
67,44,42,z
66,43,42,z
66,43,41,z
66,43,40,z
66,42,40,z
66,42,39,z
65,41,39,z
66,41,38,z
66,41,38,z
66,42,38,z
66,42,38,z
66,42,38,z
66,42,38,z
66,42,38,z
66,42,38,z
67,42,38,z
68,42,39,z
68,43,39,z
69,43,39,z
70,43,39,z
71,44,40,z
72,45,40,z
73,45,41,z
76,47,42,z
87,55,48,z
112,82,67,z
136,112,90,z
148,128,103,z
141,127,110,r
140,126,110,r
140,126,110,r
140,126,110,r
140,126,110,r
140,125,110,r
139,125,109,r
138,122,108,r
132,115,103,r
110,81,78,r
99,58,61,r
98,54,58,r
97,52,57,r
97,51,56,r
97,50,55,r
96,50,54,r
96,49,53,r
96,48,53,r
96,48,52,r
96,48,52,r
95,48,51,r
95,48,51,r
94,48,51,r
94,49,51,r
94,49,51,r
94,49,51,r
94,49,51,r
94,49,51,r
94,49,51,r
94,49,51,r
94,49,51,r
94,49,52,r
94,48,51,r
95,48,51,r
95,48,51,r
95,48,51,r
96,48,50,r
96,49,50,r
97,49,50,r
97,50,50,r
97,50,50,r
98,51,50,r
99,52,51,r
100,54,52,r
103,59,55,r
118,84,73,r
138,116,98,r
142,125,105,r
142,126,107,r
142,126,107,r
142,127,108,r
142,127,109,r
142,128,109,r
142,128,109,r
141,128,110,r
141,128,110,r
141,129,111,r
141,128,112,r
141,128,112,r
140,127,111,r
140,126,111,r
140,126,111,r
140,127,112,r
140,126,111,r
138,122,109,r
131,112,102,r
112,86,82,r
96,61,62,r
94,54,57,r
94,53,56,r
94,52,55,r
94,52,54,r
93,51,53,r
94,50,52,r
94,50,52,r
95,50,51,r
95,49,51,r
96,49,50,r
96,49,50,r
97,49,50,r
97,49,50,r
98,49,50,r
98,48,50,r
99,48,50,r
99,48,50,r
100,47,50,r
100,47,50,r
100,47,50,r
100,47,50,r
100,47,51,r
100,47,51,r
100,48,51,r
100,48,51,r
99,48,51,r
99,49,51,r
99,50,51,r
99,50,51,r
99,51,52,r
99,52,52,r
100,54,53,r
102,57,55,r
115,76,69,r
140,115,99,r
143,123,104,r
144,126,106,r
144,127,107,r
145,128,107,r
141,127,110,r
140,126,109,r
140,126,109,r
140,125,109,r
140,125,109,r
139,125,109,r
139,124,109,r
137,121,107,r
129,110,99,r
108,76,75,r
99,56,60,r
97,53,57,r
97,51,56,r
96,50,55,r
96,49,54,r
96,49,54,r
96,49,53,r
96,48,52,r
96,48,51,r
95,48,51,r
95,48,51,r
95,48,51,r
94,48,50,r
94,48,50,r
94,48,50,r
93,48,50,r
94,49,50,r
94,49,51,r
94,49,51,r
94,49,51,r
94,49,51,r
94,48,51,r
94,48,51,r
94,48,51,r
95,48,50,r
95,48,50,r
96,48,50,r
96,48,50,r
96,48,49,r
97,49,49,r
97,50,50,r
97,50,50,r
98,51,50,r
99,53,51,r
101,57,54,r
115,79,70,r
136,112,95,r
142,124,105,r
142,125,106,r
142,126,107,r
142,126,107,r
142,127,108,r
142,128,109,r
142,128,109,r
142,128,110,r
141,128,110,r
141,128,111,r
141,128,111,r
141,128,112,r
140,127,111,r
140,126,111,r
140,126,111,r
140,126,111,r
139,125,111,r
138,122,109,r
130,110,100,r
110,83,80,r
97,61,63,r
94,54,57,r
93,52,55,r
93,52,54,r
93,51,53,r
93,50,53,r
93,50,52,r
94,49,51,r
95,49,51,r
95,49,51,r
96,49,50,r
96,49,50,r
96,49,50,r
97,49,49,r
97,48,49,r
98,48,49,r
99,48,49,r
99,47,49,r
100,47,49,r
100,47,49,r
100,47,50,r
100,47,50,r
100,47,50,r
100,47,51,r
100,47,50,r
99,47,51,r
99,48,51,r
99,49,51,r
99,49,51,r
98,50,51,r
98,50,51,r
98,51,51,r
99,53,52,r
101,56,54,r
116,78,71,r
136,108,94,r
144,124,105,r
145,127,106,r
145,128,107,r
145,128,107,r
141,127,110,r
140,126,109,r
140,126,109,r
140,125,109,r
139,125,109,r
139,125,109,r
139,124,109,r
137,121,107,r
125,103,94,r
103,66,68,r
97,53,58,r
96,51,56,r
96,50,55,r
96,49,54,r
96,49,53,r
96,48,53,r
96,48,52,r
96,47,52,r
95,47,51,r
95,47,50,r
95,47,50,r
95,47,50,r
94,47,50,r
94,48,50,r
94,48,50,r
93,48,50,r
93,48,50,r
93,48,50,r
93,48,50,r
93,48,50,r
93,48,50,r
94,48,50,r
94,48,50,r
94,47,50,r
95,47,50,r
95,47,49,r
95,47,49,r
96,48,49,r
96,48,49,r
96,49,49,r
97,49,49,r
97,49,49,r
97,50,49,r
98,51,49,r
100,55,52,r
110,71,63,r
133,107,91,r
141,122,103,r
142,124,105,r
142,125,106,r
142,126,107,r
142,127,108,r
142,127,109,r
142,128,109,r
142,128,110,r
142,128,110,r
142,128,111,r
141,128,111,r
141,127,111,r
141,127,111,r
140,126,111,r
140,126,111,r
140,126,111,r
140,125,110,r
137,121,108,r
129,108,99,r
108,80,78,r
96,59,61,r
93,53,56,r
93,51,54,r
93,51,53,r
93,50,53,r
93,50,52,r
93,49,51,r
94,49,51,r
94,49,50,r
95,49,50,r
95,49,49,r
96,48,49,r
96,48,49,r
97,48,49,r
97,48,49,r
98,47,48,r
98,47,48,r
99,47,48,r
99,46,48,r
100,46,49,r
100,46,49,r
100,46,49,r
100,46,50,r
100,47,50,r
100,47,50,r
99,47,50,r
99,48,50,r
99,48,50,r
98,49,50,r
98,49,50,r
98,49,50,r
98,50,50,r
98,51,51,r
100,54,53,r
108,67,62,r
132,102,89,r
143,123,104,r
145,127,106,r
145,128,107,r
145,128,107,r
141,127,109,r
141,126,109,r
140,126,109,r
140,125,109,r
139,125,108,r
139,124,108,r
139,124,108,r
136,119,105,r
118,93,87,r
100,61,64,r
96,52,56,r
96,50,55,r
96,50,55,r
95,49,54,r
95,48,52,r
95,48,52,r
95,47,52,r
95,47,51,r
95,46,50,r
95,46,49,r
95,46,49,r
95,46,49,r
94,47,49,r
94,47,49,r
94,47,49,r
94,47,49,r
93,47,49,r
93,47,49,r
93,47,49,r
93,47,49,r
93,47,49,r
93,47,49,r
94,47,49,r
94,47,49,r
94,47,49,r
94,46,48,r
95,46,48,r
95,47,48,r
95,48,48,r
96,48,49,r
96,47,48,r
96,48,48,r
97,49,49,r
97,50,48,r
99,53,50,r
107,66,59,r
130,100,86,r
141,119,101,r
142,123,104,r
143,125,106,r
143,126,107,r
143,126,107,r
143,127,108,r
143,127,109,r
142,128,109,r
142,128,110,r
142,128,110,r
142,128,111,r
141,127,110,r
141,126,110,r
141,126,110,r
140,125,110,r
140,125,110,r
140,124,110,r
138,121,107,r
127,105,96,r
105,74,73,r
95,56,59,r
93,52,55,r
93,50,53,r
93,50,52,r
93,49,52,r
93,49,51,r
93,49,51,r
94,48,50,r
94,48,50,r
95,48,49,r
95,48,49,r
95,48,49,r
96,48,48,r
97,48,48,r
97,47,48,r
98,46,48,r
98,46,48,r
99,46,48,r
99,46,48,r
100,45,48,r
100,45,48,r
100,46,48,r
100,46,49,r
99,46,49,r
99,46,49,r
99,46,49,r
98,47,49,r
98,47,49,r
98,48,50,r
98,49,49,r
97,48,49,r
97,49,49,r
97,50,49,r
99,53,51,r
106,64,59,r
131,100,87,r
143,122,103,r
145,126,106,r
145,127,106,r
145,128,106,r
141,127,109,r
141,126,109,r
141,126,109,r
140,125,108,r
140,125,108,r
139,124,108,r
138,123,107,r
132,113,100,r
113,83,80,r
98,57,61,r
95,50,55,r
95,49,54,r
95,48,53,r
95,48,53,r
95,47,52,r
95,46,51,r
95,46,50,r
95,45,50,r
95,45,49,r
95,45,48,r
95,45,48,r
94,45,48,r
94,45,48,r
94,46,48,r
94,46,48,r
94,46,48,r
93,46,48,r
93,46,48,r
93,46,48,r
93,46,48,r
93,46,48,r
93,46,48,r
93,46,48,r
94,46,48,r
94,46,47,r
94,46,47,r
94,45,47,r
94,46,47,r
94,46,47,r
95,47,47,r
95,47,47,r
95,47,47,r
96,48,47,r
96,48,47,r
97,50,48,r
104,62,56,r
130,100,85,r
142,120,101,r
143,123,104,r
143,125,105,r
143,125,106,r
143,126,107,r
143,126,107,r
143,127,108,r
143,127,108,r
143,128,109,r
142,128,110,r
142,127,110,r
142,126,109,r
141,126,109,r
141,125,109,r
141,125,109,r
140,124,109,r
140,124,108,r
138,120,106,r
127,104,95,r
102,69,69,r
94,54,57,r
93,50,53,r
93,49,52,r
93,49,51,r
93,48,51,r
93,48,50,r
93,48,50,r
93,47,49,r
94,47,48,r
94,47,48,r
95,47,48,r
95,47,48,r
96,47,48,r
96,47,48,r
97,46,47,r
97,46,47,r
98,45,47,r
99,45,47,r
99,45,47,r
99,45,47,r
99,45,47,r
99,45,47,r
99,45,47,r
99,45,48,r
99,45,48,r
98,45,48,r
98,46,48,r
97,46,48,r
97,47,48,r
97,47,48,r
97,48,48,r
96,48,48,r
97,49,49,r
98,52,50,r
108,66,61,r
131,100,87,r
143,121,102,r
145,126,105,r
145,127,106,r
145,127,106,r
141,127,108,r
140,126,108,r
140,126,108,r
140,125,107,r
139,124,107,r
139,123,106,r
137,120,104,r
128,108,96,r
108,75,74,r
95,52,56,r
94,49,54,r
94,47,52,r
94,47,51,r
94,46,51,r
94,45,50,r
94,45,50,r
94,45,49,r
94,44,48,r
94,44,48,r
94,44,47,r
94,44,47,r
94,44,47,r
94,44,47,r
94,44,47,r
94,45,47,r
94,45,47,r
93,45,47,r
93,45,47,r
93,45,47,r
93,45,46,r
93,45,46,r
93,45,46,r
93,45,46,r
93,45,46,r
93,45,46,r
93,45,46,r
93,44,46,r
93,45,45,r
93,45,45,r
94,45,45,r
94,46,46,r
94,46,45,r
94,46,45,r
95,46,45,r
96,48,46,r
103,60,55,r
130,100,85,r
142,120,102,r
143,123,104,r
143,124,105,r
143,125,105,r
143,125,106,r
143,126,107,r
143,126,107,r
143,127,108,r
143,127,108,r
143,127,108,r
142,126,108,r
142,126,108,r
141,125,108,r
141,124,108,r
140,124,107,r
140,123,107,r
139,122,106,r
137,118,104,r
125,101,92,r
102,68,68,r
94,53,56,r
93,49,52,r
93,48,51,r
93,47,50,r
93,47,49,r
93,47,49,r
93,46,48,r
93,46,48,r
93,46,47,r
94,46,47,r
94,46,47,r
95,46,47,r
96,46,47,r
96,46,47,r
96,45,46,r
97,45,46,r
97,44,45,r
98,44,46,r
99,44,46,r
99,44,46,r
99,44,46,r
99,43,46,r
99,44,46,r
99,44,46,r
98,44,46,r
98,44,46,r
97,44,46,r
97,45,46,r
97,46,47,r
96,46,47,r
96,47,46,r
96,47,46,r
96,48,47,r
98,51,49,r
107,65,60,r
130,98,86,r
142,120,101,r
144,125,104,r
144,126,105,r
144,126,105,r
141,126,108,r
140,126,107,r
140,125,107,r
139,125,106,r
139,124,106,r
138,123,105,r
136,120,103,r
127,107,95,r
101,63,65,r
95,51,55,r
93,47,52,r
93,46,50,r
93,45,50,r
93,44,49,r
93,44,48,r
93,43,48,r
93,43,48,r
94,43,47,r
94,43,47,r
94,43,46,r
94,43,46,r
94,43,46,r
94,43,46,r
94,43,46,r
94,44,45,r
93,44,45,r
93,44,45,r
93,44,45,r
93,44,45,r
93,44,45,r
92,44,45,r
92,44,45,r
92,44,45,r
92,44,45,r
92,44,45,r
92,44,45,r
92,44,44,r
92,44,44,r
92,44,44,r
93,45,44,r
93,45,44,r
93,45,44,r
93,44,44,r
94,45,44,r
95,47,45,r
104,61,55,r
129,97,83,r
142,119,100,r
144,123,103,r
144,124,104,r
144,125,105,r
144,125,106,r
143,125,106,r
143,126,107,r
143,126,107,r
143,126,107,r
143,126,107,r
142,126,107,r
142,125,107,r
141,124,107,r
141,123,106,r
140,123,106,r
139,121,105,r
139,120,104,r
136,116,101,r
125,101,91,r
106,74,72,r
95,55,57,r
93,49,52,r
92,47,50,r
92,46,49,r
92,46,49,r
92,46,48,r
92,46,47,r
92,45,47,r
93,45,46,r
93,45,46,r
94,45,46,r
94,45,46,r
95,45,46,r
96,45,46,r
96,44,45,r
97,44,45,r
97,44,45,r
98,43,45,r
98,43,45,r
98,43,45,r
99,43,45,r
98,42,45,r
98,43,45,r
98,43,45,r
98,43,45,r
97,43,45,r
97,43,45,r
96,44,45,r
96,45,45,r
96,45,45,r
95,45,45,r
95,46,45,r
95,47,45,r
96,49,47,r
104,61,56,r
129,97,85,r
142,119,100,r
144,124,103,r
144,125,103,r
144,125,103,r
141,126,107,r
140,126,106,r
140,125,106,r
139,125,106,r
139,124,105,r
138,123,105,r
135,120,102,r
125,104,92,r
104,69,68,r
94,51,55,r
92,46,50,r
92,44,49,r
92,44,49,r
92,43,48,r
93,43,48,r
93,43,47,r
93,42,47,r
93,42,46,r
94,42,46,r
94,42,46,r
94,42,45,r
94,42,45,r
94,42,45,r
94,43,45,r
93,43,44,r
93,43,44,r
93,43,45,r
93,43,44,r
92,43,44,r
92,43,44,r
92,43,44,r
92,43,44,r
92,43,44,r
92,43,44,r
92,43,44,r
92,43,44,r
92,43,43,r
92,43,43,r
92,43,43,r
92,44,43,r
93,44,43,r
93,44,43,r
93,44,43,r
93,44,43,r
95,47,45,r
101,57,52,r
125,92,78,r
143,120,101,r
143,122,102,r
144,123,104,r
144,124,104,r
144,125,105,r
144,125,105,r
143,125,106,r
143,126,106,r
143,126,107,r
143,126,107,r
142,126,107,r
142,125,106,r
141,124,106,r
141,123,106,r
140,123,106,r
140,122,105,r
139,120,104,r
137,116,101,r
130,108,96,r
111,81,77,r
95,55,57,r
92,49,51,r
92,47,49,r
92,46,48,r
92,46,48,r
92,45,47,r
92,45,47,r
92,45,46,r
92,44,46,r
93,44,45,r
93,44,45,r
94,44,45,r
94,44,45,r
95,44,45,r
96,44,44,r
96,43,44,r
97,43,44,r
97,43,44,r
98,42,44,r
98,42,44,r
98,42,44,r
98,42,44,r
98,42,44,r
98,42,44,r
97,42,44,r
97,42,44,r
96,43,44,r
96,43,44,r
96,44,44,r
95,44,44,r
95,45,44,r
95,45,44,r
95,46,44,r
96,48,46,r
104,63,56,r
128,97,83,r
141,118,99,r
144,124,102,r
144,124,103,r
144,125,103,r
141,126,107,r
140,126,106,r
140,126,106,r
139,125,105,r
139,125,105,r
139,124,105,r
137,122,104,r
128,110,95,r
108,78,74,r
94,51,54,r
92,45,50,r
92,44,48,r
92,43,48,r
93,43,48,r
93,43,48,r
93,42,47,r
93,42,46,r
93,41,46,r
93,41,45,r
94,41,45,r
94,42,45,r
94,42,45,r
94,42,44,r
94,42,44,r
93,42,44,r
93,43,44,r
93,43,44,r
92,43,44,r
92,43,44,r
92,43,44,r
92,43,44,r
91,43,44,r
91,43,44,r
92,43,43,r
92,43,43,r
92,42,43,r
92,42,43,r
91,42,43,r
92,43,43,r
92,43,43,r
92,43,43,r
92,43,43,r
92,43,42,r
93,44,42,r
95,47,44,r
99,55,50,r
125,91,78,r
142,117,99,r
143,122,102,r
144,123,103,r
144,124,104,r
144,124,104,r
144,125,105,r
143,125,105,r
143,125,106,r
143,126,106,r
143,126,106,r
142,125,106,r
142,125,106,r
141,124,106,r
141,123,106,r
141,123,105,r
140,122,105,r
139,120,104,r
138,118,102,r
134,112,99,r
106,74,71,r
94,54,56,r
92,49,51,r
91,46,49,r
91,46,48,r
91,45,47,r
91,45,46,r
92,45,46,r
92,44,46,r
92,44,45,r
93,44,45,r
93,44,45,r
93,44,44,r
94,44,44,r
95,44,44,r
95,43,44,r
96,43,44,r
97,43,44,r
97,42,44,r
98,42,43,r
98,42,43,r
98,41,43,r
98,41,43,r
98,41,44,r
98,41,44,r
97,42,44,r
97,42,44,r
96,42,43,r
96,43,43,r
95,43,44,r
95,44,43,r
95,44,44,r
95,45,44,r
95,46,44,r
95,47,45,r
99,55,50,r
128,97,83,r
141,118,99,r
143,123,102,r
144,125,103,r
144,126,103,r
141,127,107,r
140,126,106,r
140,126,106,r
140,126,106,r
139,125,105,r
139,124,105,r
137,122,103,r
132,116,99,r
109,79,75,r
94,51,54,r
92,46,50,r
92,44,49,r
92,44,48,r
93,44,48,r
93,43,48,r
93,42,47,r
93,42,46,r
93,41,46,r
93,41,45,r
94,41,45,r
94,41,45,r
94,42,44,r
94,42,44,r
94,42,44,r
93,42,44,r
93,42,44,r
93,43,44,r
92,43,44,r
92,43,44,r
92,43,44,r
91,43,44,r
91,43,44,r
91,43,43,r
92,43,43,r
92,43,43,r
92,42,43,r
92,42,43,r
91,42,42,r
92,42,43,r
92,43,43,r
92,43,43,r
92,44,43,r
92,43,42,r
93,44,42,r
94,45,43,r
102,59,53,r
131,100,85,r
141,117,98,r
144,122,102,r
144,123,103,r
144,124,104,r
144,124,104,r
144,125,105,r
144,125,105,r
143,125,106,r
143,126,106,r
142,125,106,r
142,125,106,r
142,125,106,r
141,124,106,r
141,123,106,r
141,123,105,r
140,122,105,r
140,120,104,r
138,119,103,r
131,108,96,r
105,72,70,r
94,54,55,r
92,48,50,r
91,46,49,r
91,46,48,r
91,45,47,r
91,44,46,r
92,44,46,r
92,45,46,r
92,44,45,r
93,44,45,r
93,44,45,r
93,44,44,r
94,44,44,r
95,44,44,r
95,43,44,r
96,43,44,r
97,43,44,r
97,42,44,r
98,42,43,r
98,42,43,r
98,41,43,r
98,41,43,r
98,41,43,r
98,41,43,r
97,42,44,r
97,42,44,r
96,42,43,r
96,43,43,r
95,43,43,r
95,44,43,r
95,44,43,r
95,45,43,r
94,45,43,r
95,47,44,r
101,58,52,r
126,94,81,r
141,119,99,r
143,123,102,r
144,126,103,r
145,126,103,r
